{
	"name": "aai-programmable-structures",
	"version": "0.4.2",
	"title": "AAI Programmable Structures",
	"author": "Earendel",
	"dependencies": [
		"base >= 0.16.21",
		"aai-signals >= 0.2.3",
		"aai-zones >= 0.2.1"
	],
	"description": "Adds scanning and control structures based on other mods installed. Includes a Tile Scanner by default that can the contents of tiles. Can scan and place Zones with AAI Zones mod. Can scan and control vehicles and their data with AAI Programmable Vehicles mod.",
	"factorio_version": "0.16",
	"homepage": "https://forums.factorio.com/viewtopic.php?f=93&t=38473"
}
