{
    "name": "Subterranean",
    "version": "0.5.1",
    "title": "Subterranean",
    "author": "Gangsir, Bilka",
    "homepage": "https://forums.factorio.com/55740",
    "factorio_version": "0.16",
    "dependencies": ["base >= 0.16", "? boblogistics"],
    "description": "Adds a few tiers of underground belt/pipe that can go much farther than standard underground belts/pipes, and charges the player a number of belts/pipes based on the distance between the entrance and exit belt/pipe. When used with Bob's Logistics, it will apply these same effects to it's underground belts.\nMaintained by Bilka, with permission."
}
